periode,population,description,zone,id_serie,annee
1994-01,59070,Démographie - Population au début du mois - France (inclus Mayotte à partir de 2014),FE,1641607,1994
1994-02,59078,Démographie - Population au début du mois - France (inclus Mayotte à partir de 2014),FE,1641607,1994
1994-03,59090,Démographie - Population au début du mois - France (inclus Mayotte à partir de 2014),FE,1641607,1994
1994-04,59105,Démographie - Population au début du mois - France (inclus Mayotte à partir de 2014),FE,1641607,1994
1994-05,59122,Démographie - Population au début du mois - France (inclus Mayotte à partir de 2014),FE,1641607,1994
1994-06,59145,Démographie - Population au début du mois - France (inclus Mayotte à partir de 2014),FE,1641607,1994
1994-07,59166,Démographie - Population au début du mois - France (inclus Mayotte à partir de 2014),FE,1641607,1994
1994-08,59188,Démographie - Population au début du mois - France (inclus Mayotte à partir de 2014),FE,1641607,1994
1994-09,59207,Démographie - Population au début du mois - France (inclus Mayotte à partir de 2014),FE,1641607,1994
1994-10,59226,Démographie - Population au début du mois - France (inclus Mayotte à partir de 2014),FE,1641607,1994
1994-11,59245,Démographie - Population au début du mois - France (inclus Mayotte à partir de 2014),FE,1641607,1994
1994-12,59263,Démographie - Population au début du mois - France (inclus Mayotte à partir de 2014),FE,1641607,1994
1995-01,59281,Démographie - Population au début du mois - France (inclus Mayotte à partir de 2014),FE,1641607,1995
1995-02,59291,Démographie - Population au début du mois - France (inclus Mayotte à partir de 2014),FE,1641607,1995
1995-03,59304,Démographie - Population au début du mois - France (inclus Mayotte à partir de 2014),FE,1641607,1995
1995-04,59319,Démographie - Population au début du mois - France (inclus Mayotte à partir de 2014),FE,1641607,1995
1995-05,59331,Démographie - Population au début du mois - France (inclus Mayotte à partir de 2014),FE,1641607,1995
1995-06,59350,Démographie - Population au début du mois - France (inclus Mayotte à partir de 2014),FE,1641607,1995
1995-07,59372,Démographie - Population au début du mois - France (inclus Mayotte à partir de 2014),FE,1641607,1995
1995-08,59395,Démographie - Population au début du mois - France (inclus Mayotte à partir de 2014),FE,1641607,1995
1995-09,59416,Démographie - Population au début du mois - France (inclus Mayotte à partir de 2014),FE,1641607,1995
1995-10,59437,Démographie - Population au début du mois - France (inclus Mayotte à partir de 2014),FE,1641607,1995
1995-11,59459,Démographie - Population au début du mois - France (inclus Mayotte à partir de 2014),FE,1641607,1995
1995-12,59476,Démographie - Population au début du mois - France (inclus Mayotte à partir de 2014),FE,1641607,1995
1996-01,59487,Démographie - Population au début du mois - France (inclus Mayotte à partir de 2014),FE,1641607,1996
1996-02,59496,Démographie - Population au début du mois - France (inclus Mayotte à partir de 2014),FE,1641607,1996
1996-03,59506,Démographie - Population au début du mois - France (inclus Mayotte à partir de 2014),FE,1641607,1996
1996-04,59520,Démographie - Population au début du mois - France (inclus Mayotte à partir de 2014),FE,1641607,1996
1996-05,59535,Démographie - Population au début du mois - France (inclus Mayotte à partir de 2014),FE,1641607,1996
1996-06,59555,Démographie - Population au début du mois - France (inclus Mayotte à partir de 2014),FE,1641607,1996
1996-07,59577,Démographie - Population au début du mois - France (inclus Mayotte à partir de 2014),FE,1641607,1996
1996-08,59601,Démographie - Population au début du mois - France (inclus Mayotte à partir de 2014),FE,1641607,1996
1996-09,59622,Démographie - Population au début du mois - France (inclus Mayotte à partir de 2014),FE,1641607,1996
1996-10,59643,Démographie - Population au début du mois - France (inclus Mayotte à partir de 2014),FE,1641607,1996
1996-11,59663,Démographie - Population au début du mois - France (inclus Mayotte à partir de 2014),FE,1641607,1996
1996-12,59680,Démographie - Population au début du mois - France (inclus Mayotte à partir de 2014),FE,1641607,1996
1997-01,59691,Démographie - Population au début du mois - France (inclus Mayotte à partir de 2014),FE,1641607,1997
1997-02,59693,Démographie - Population au début du mois - France (inclus Mayotte à partir de 2014),FE,1641607,1997
1997-03,59704,Démographie - Population au début du mois - France (inclus Mayotte à partir de 2014),FE,1641607,1997
1997-04,59719,Démographie - Population au début du mois - France (inclus Mayotte à partir de 2014),FE,1641607,1997
1997-05,59738,Démographie - Population au début du mois - France (inclus Mayotte à partir de 2014),FE,1641607,1997
1997-06,59759,Démographie - Population au début du mois - France (inclus Mayotte à partir de 2014),FE,1641607,1997
1997-07,59782,Démographie - Population au début du mois - France (inclus Mayotte à partir de 2014),FE,1641607,1997
1997-08,59806,Démographie - Population au début du mois - France (inclus Mayotte à partir de 2014),FE,1641607,1997
1997-09,59825,Démographie - Population au début du mois - France (inclus Mayotte à partir de 2014),FE,1641607,1997
1997-10,59846,Démographie - Population au début du mois - France (inclus Mayotte à partir de 2014),FE,1641607,1997
1997-11,59866,Démographie - Population au début du mois - France (inclus Mayotte à partir de 2014),FE,1641607,1997
1997-12,59882,Démographie - Population au début du mois - France (inclus Mayotte à partir de 2014),FE,1641607,1997
1998-01,59899,Démographie - Population au début du mois - France (inclus Mayotte à partir de 2014),FE,1641607,1998
1998-02,59915,Démographie - Population au début du mois - France (inclus Mayotte à partir de 2014),FE,1641607,1998
1998-03,59925,Démographie - Population au début du mois - France (inclus Mayotte à partir de 2014),FE,1641607,1998
1998-04,59936,Démographie - Population au début du mois - France (inclus Mayotte à partir de 2014),FE,1641607,1998
1998-05,59952,Démographie - Population au début du mois - France (inclus Mayotte à partir de 2014),FE,1641607,1998
1998-06,59971,Démographie - Population au début du mois - France (inclus Mayotte à partir de 2014),FE,1641607,1998
1998-07,59992,Démographie - Population au début du mois - France (inclus Mayotte à partir de 2014),FE,1641607,1998
1998-08,60018,Démographie - Population au début du mois - France (inclus Mayotte à partir de 2014),FE,1641607,1998
1998-09,60042,Démographie - Population au début du mois - France (inclus Mayotte à partir de 2014),FE,1641607,1998
1998-10,60067,Démographie - Population au début du mois - France (inclus Mayotte à partir de 2014),FE,1641607,1998
1998-11,60088,Démographie - Population au début du mois - France (inclus Mayotte à partir de 2014),FE,1641607,1998
1998-12,60107,Démographie - Population au début du mois - France (inclus Mayotte à partir de 2014),FE,1641607,1998
1999-01,60123,Démographie - Population au début du mois - France (inclus Mayotte à partir de 2014),FE,1641607,1999
1999-02,60146,Démographie - Population au début du mois - France (inclus Mayotte à partir de 2014),FE,1641607,1999
1999-03,60166,Démographie - Population au début du mois - France (inclus Mayotte à partir de 2014),FE,1641607,1999
1999-04,60193,Démographie - Population au début du mois - France (inclus Mayotte à partir de 2014),FE,1641607,1999
1999-05,60225,Démographie - Population au début du mois - France (inclus Mayotte à partir de 2014),FE,1641607,1999
1999-06,60261,Démographie - Population au début du mois - France (inclus Mayotte à partir de 2014),FE,1641607,1999
1999-07,60298,Démographie - Population au début du mois - France (inclus Mayotte à partir de 2014),FE,1641607,1999
1999-08,60338,Démographie - Population au début du mois - France (inclus Mayotte à partir de 2014),FE,1641607,1999
1999-09,60376,Démographie - Population au début du mois - France (inclus Mayotte à partir de 2014),FE,1641607,1999
1999-10,60415,Démographie - Population au début du mois - France (inclus Mayotte à partir de 2014),FE,1641607,1999
1999-11,60449,Démographie - Population au début du mois - France (inclus Mayotte à partir de 2014),FE,1641607,1999
1999-12,60480,Démographie - Population au début du mois - France (inclus Mayotte à partir de 2014),FE,1641607,1999
2000-01,60508,Démographie - Population au début du mois - France (inclus Mayotte à partir de 2014),FE,1641607,2000
2000-02,60529,Démographie - Population au début du mois - France (inclus Mayotte à partir de 2014),FE,1641607,2000
2000-03,60557,Démographie - Population au début du mois - France (inclus Mayotte à partir de 2014),FE,1641607,2000
2000-04,60591,Démographie - Population au début du mois - France (inclus Mayotte à partir de 2014),FE,1641607,2000
2000-05,60627,Démographie - Population au début du mois - France (inclus Mayotte à partir de 2014),FE,1641607,2000
2000-06,60668,Démographie - Population au début du mois - France (inclus Mayotte à partir de 2014),FE,1641607,2000
2000-07,60707,Démographie - Population au début du mois - France (inclus Mayotte à partir de 2014),FE,1641607,2000
2000-08,60749,Démographie - Population au début du mois - France (inclus Mayotte à partir de 2014),FE,1641607,2000
2000-09,60791,Démographie - Population au début du mois - France (inclus Mayotte à partir de 2014),FE,1641607,2000
2000-10,60831,Démographie - Population au début du mois - France (inclus Mayotte à partir de 2014),FE,1641607,2000
2000-11,60870,Démographie - Population au début du mois - France (inclus Mayotte à partir de 2014),FE,1641607,2000
2000-12,60906,Démographie - Population au début du mois - France (inclus Mayotte à partir de 2014),FE,1641607,2000
2001-01,60941,Démographie - Population au début du mois - France (inclus Mayotte à partir de 2014),FE,1641607,2001
2001-02,60974,Démographie - Population au début du mois - France (inclus Mayotte à partir de 2014),FE,1641607,2001
2001-03,61006,Démographie - Population au début du mois - France (inclus Mayotte à partir de 2014),FE,1641607,2001
2001-04,61041,Démographie - Population au début du mois - France (inclus Mayotte à partir de 2014),FE,1641607,2001
2001-05,61077,Démographie - Population au début du mois - France (inclus Mayotte à partir de 2014),FE,1641607,2001
2001-06,61117,Démographie - Population au début du mois - France (inclus Mayotte à partir de 2014),FE,1641607,2001
2001-07,61156,Démographie - Population au début du mois - France (inclus Mayotte à partir de 2014),FE,1641607,2001
2001-08,61198,Démographie - Population au début du mois - France (inclus Mayotte à partir de 2014),FE,1641607,2001
2001-09,61238,Démographie - Population au début du mois - France (inclus Mayotte à partir de 2014),FE,1641607,2001
2001-10,61278,Démographie - Population au début du mois - France (inclus Mayotte à partir de 2014),FE,1641607,2001
2001-11,61319,Démographie - Population au début du mois - France (inclus Mayotte à partir de 2014),FE,1641607,2001
2001-12,61354,Démographie - Population au début du mois - France (inclus Mayotte à partir de 2014),FE,1641607,2001
2002-01,61385,Démographie - Population au début du mois - France (inclus Mayotte à partir de 2014),FE,1641607,2002
2002-02,61411,Démographie - Population au début du mois - France (inclus Mayotte à partir de 2014),FE,1641607,2002
2002-03,61440,Démographie - Population au début du mois - France (inclus Mayotte à partir de 2014),FE,1641607,2002
2002-04,61473,Démographie - Population au début du mois - France (inclus Mayotte à partir de 2014),FE,1641607,2002
2002-05,61508,Démographie - Population au début du mois - France (inclus Mayotte à partir de 2014),FE,1641607,2002
2002-06,61548,Démographie - Population au début du mois - France (inclus Mayotte à partir de 2014),FE,1641607,2002
2002-07,61585,Démographie - Population au début du mois - France (inclus Mayotte à partir de 2014),FE,1641607,2002
2002-08,61628,Démographie - Population au début du mois - France (inclus Mayotte à partir de 2014),FE,1641607,2002
2002-09,61671,Démographie - Population au début du mois - France (inclus Mayotte à partir de 2014),FE,1641607,2002
2002-10,61713,Démographie - Population au début du mois - France (inclus Mayotte à partir de 2014),FE,1641607,2002
2002-11,61753,Démographie - Population au début du mois - France (inclus Mayotte à partir de 2014),FE,1641607,2002
2002-12,61789,Démographie - Population au début du mois - France (inclus Mayotte à partir de 2014),FE,1641607,2002
2003-01,61824,Démographie - Population au début du mois - France (inclus Mayotte à partir de 2014),FE,1641607,2003
2003-02,61855,Démographie - Population au début du mois - France (inclus Mayotte à partir de 2014),FE,1641607,2003
2003-03,61887,Démographie - Population au début du mois - France (inclus Mayotte à partir de 2014),FE,1641607,2003
2003-04,61920,Démographie - Population au début du mois - France (inclus Mayotte à partir de 2014),FE,1641607,2003
2003-05,61956,Démographie - Population au début du mois - France (inclus Mayotte à partir de 2014),FE,1641607,2003
2003-06,61997,Démographie - Population au début du mois - France (inclus Mayotte à partir de 2014),FE,1641607,2003
2003-07,62035,Démographie - Population au début du mois - France (inclus Mayotte à partir de 2014),FE,1641607,2003
2003-08,62077,Démographie - Population au début du mois - France (inclus Mayotte à partir de 2014),FE,1641607,2003
2003-09,62102,Démographie - Population au début du mois - France (inclus Mayotte à partir de 2014),FE,1641607,2003
2003-10,62143,Démographie - Population au début du mois - France (inclus Mayotte à partir de 2014),FE,1641607,2003
2003-11,62183,Démographie - Population au début du mois - France (inclus Mayotte à partir de 2014),FE,1641607,2003
2003-12,62219,Démographie - Population au début du mois - France (inclus Mayotte à partir de 2014),FE,1641607,2003
2004-01,62251,Démographie - Population au début du mois - France (inclus Mayotte à partir de 2014),FE,1641607,2004
2004-02,62283,Démographie - Population au début du mois - France (inclus Mayotte à partir de 2014),FE,1641607,2004
2004-03,62317,Démographie - Population au début du mois - France (inclus Mayotte à partir de 2014),FE,1641607,2004
2004-04,62352,Démographie - Population au début du mois - France (inclus Mayotte à partir de 2014),FE,1641607,2004
2004-05,62390,Démographie - Population au début du mois - France (inclus Mayotte à partir de 2014),FE,1641607,2004
2004-06,62428,Démographie - Population au début du mois - France (inclus Mayotte à partir de 2014),FE,1641607,2004
2004-07,62471,Démographie - Population au début du mois - France (inclus Mayotte à partir de 2014),FE,1641607,2004
2004-08,62518,Démographie - Population au début du mois - France (inclus Mayotte à partir de 2014),FE,1641607,2004
2004-09,62563,Démographie - Population au début du mois - France (inclus Mayotte à partir de 2014),FE,1641607,2004
2004-10,62607,Démographie - Population au début du mois - France (inclus Mayotte à partir de 2014),FE,1641607,2004
2004-11,62650,Démographie - Population au début du mois - France (inclus Mayotte à partir de 2014),FE,1641607,2004
2004-12,62692,Démographie - Population au début du mois - France (inclus Mayotte à partir de 2014),FE,1641607,2004
2005-01,62731,Démographie - Population au début du mois - France (inclus Mayotte à partir de 2014),FE,1641607,2005
2005-02,62764,Démographie - Population au début du mois - France (inclus Mayotte à partir de 2014),FE,1641607,2005
2005-03,62789,Démographie - Population au début du mois - France (inclus Mayotte à partir de 2014),FE,1641607,2005
2005-04,62817,Démographie - Population au début du mois - France (inclus Mayotte à partir de 2014),FE,1641607,2005
2005-05,62854,Démographie - Population au début du mois - France (inclus Mayotte à partir de 2014),FE,1641607,2005
2005-06,62894,Démographie - Population au début du mois - France (inclus Mayotte à partir de 2014),FE,1641607,2005
2005-07,62934,Démographie - Population au début du mois - France (inclus Mayotte à partir de 2014),FE,1641607,2005
2005-08,62978,Démographie - Population au début du mois - France (inclus Mayotte à partir de 2014),FE,1641607,2005
2005-09,63024,Démographie - Population au début du mois - France (inclus Mayotte à partir de 2014),FE,1641607,2005
2005-10,63069,Démographie - Population au début du mois - France (inclus Mayotte à partir de 2014),FE,1641607,2005
2005-11,63111,Démographie - Population au début du mois - France (inclus Mayotte à partir de 2014),FE,1641607,2005
2005-12,63150,Démographie - Population au début du mois - France (inclus Mayotte à partir de 2014),FE,1641607,2005
2006-01,63186,Démographie - Population au début du mois - France (inclus Mayotte à partir de 2014),FE,1641607,2006
2006-02,63213,Démographie - Population au début du mois - France (inclus Mayotte à partir de 2014),FE,1641607,2006
2006-03,63240,Démographie - Population au début du mois - France (inclus Mayotte à partir de 2014),FE,1641607,2006
2006-04,63271,Démographie - Population au début du mois - France (inclus Mayotte à partir de 2014),FE,1641607,2006
2006-05,63302,Démographie - Population au début du mois - France (inclus Mayotte à partir de 2014),FE,1641607,2006
2006-06,63341,Démographie - Population au début du mois - France (inclus Mayotte à partir de 2014),FE,1641607,2006
2006-07,63377,Démographie - Population au début du mois - France (inclus Mayotte à partir de 2014),FE,1641607,2006
2006-08,63415,Démographie - Population au début du mois - France (inclus Mayotte à partir de 2014),FE,1641607,2006
2006-09,63455,Démographie - Population au début du mois - France (inclus Mayotte à partir de 2014),FE,1641607,2006
2006-10,63495,Démographie - Population au début du mois - France (inclus Mayotte à partir de 2014),FE,1641607,2006
2006-11,63534,Démographie - Population au début du mois - France (inclus Mayotte à partir de 2014),FE,1641607,2006
2006-12,63569,Démographie - Population au début du mois - France (inclus Mayotte à partir de 2014),FE,1641607,2006
2007-01,63601,Démographie - Population au début du mois - France (inclus Mayotte à partir de 2014),FE,1641607,2007
2007-02,63626,Démographie - Population au début du mois - France (inclus Mayotte à partir de 2014),FE,1641607,2007
2007-03,63649,Démographie - Population au début du mois - France (inclus Mayotte à partir de 2014),FE,1641607,2007
2007-04,63677,Démographie - Population au début du mois - France (inclus Mayotte à partir de 2014),FE,1641607,2007
2007-05,63703,Démographie - Population au début du mois - France (inclus Mayotte à partir de 2014),FE,1641607,2007
2007-06,63737,Démographie - Population au début du mois - France (inclus Mayotte à partir de 2014),FE,1641607,2007
2007-07,63769,Démographie - Population au début du mois - France (inclus Mayotte à partir de 2014),FE,1641607,2007
2007-08,63804,Démographie - Population au début du mois - France (inclus Mayotte à partir de 2014),FE,1641607,2007
2007-09,63840,Démographie - Population au début du mois - France (inclus Mayotte à partir de 2014),FE,1641607,2007
2007-10,63875,Démographie - Population au début du mois - France (inclus Mayotte à partir de 2014),FE,1641607,2007
2007-11,63907,Démographie - Population au début du mois - France (inclus Mayotte à partir de 2014),FE,1641607,2007
2007-12,63935,Démographie - Population au début du mois - France (inclus Mayotte à partir de 2014),FE,1641607,2007
2008-01,63962,Démographie - Population au début du mois - France (inclus Mayotte à partir de 2014),FE,1641607,2008
2008-02,63984,Démographie - Population au début du mois - France (inclus Mayotte à partir de 2014),FE,1641607,2008
2008-03,64005,Démographie - Population au début du mois - France (inclus Mayotte à partir de 2014),FE,1641607,2008
2008-04,64029,Démographie - Population au début du mois - France (inclus Mayotte à partir de 2014),FE,1641607,2008
2008-05,64057,Démographie - Population au début du mois - France (inclus Mayotte à partir de 2014),FE,1641607,2008
2008-06,64089,Démographie - Population au début du mois - France (inclus Mayotte à partir de 2014),FE,1641607,2008
2008-07,64120,Démographie - Population au début du mois - France (inclus Mayotte à partir de 2014),FE,1641607,2008
2008-08,64155,Démographie - Population au début du mois - France (inclus Mayotte à partir de 2014),FE,1641607,2008
2008-09,64189,Démographie - Population au début du mois - France (inclus Mayotte à partir de 2014),FE,1641607,2008
2008-10,64223,Démographie - Population au début du mois - France (inclus Mayotte à partir de 2014),FE,1641607,2008
2008-11,64253,Démographie - Population au début du mois - France (inclus Mayotte à partir de 2014),FE,1641607,2008
2008-12,64281,Démographie - Population au début du mois - France (inclus Mayotte à partir de 2014),FE,1641607,2008
2009-01,64305,Démographie - Population au début du mois - France (inclus Mayotte à partir de 2014),FE,1641607,2009
2009-02,64316,Démographie - Population au début du mois - France (inclus Mayotte à partir de 2014),FE,1641607,2009
2009-03,64333,Démographie - Population au début du mois - France (inclus Mayotte à partir de 2014),FE,1641607,2009
2009-04,64356,Démographie - Population au début du mois - France (inclus Mayotte à partir de 2014),FE,1641607,2009
2009-05,64380,Démographie - Population au début du mois - France (inclus Mayotte à partir de 2014),FE,1641607,2009
2009-06,64408,Démographie - Population au début du mois - France (inclus Mayotte à partir de 2014),FE,1641607,2009
2009-07,64437,Démographie - Population au début du mois - France (inclus Mayotte à partir de 2014),FE,1641607,2009
2009-08,64470,Démographie - Population au début du mois - France (inclus Mayotte à partir de 2014),FE,1641607,2009
2009-09,64502,Démographie - Population au début du mois - France (inclus Mayotte à partir de 2014),FE,1641607,2009
2009-10,64534,Démographie - Population au début du mois - France (inclus Mayotte à partir de 2014),FE,1641607,2009
2009-11,64562,Démographie - Population au début du mois - France (inclus Mayotte à partir de 2014),FE,1641607,2009
2009-12,64588,Démographie - Population au début du mois - France (inclus Mayotte à partir de 2014),FE,1641607,2009
2010-01,64613,Démographie - Population au début du mois - France (inclus Mayotte à partir de 2014),FE,1641607,2010
2010-02,64634,Démographie - Population au début du mois - France (inclus Mayotte à partir de 2014),FE,1641607,2010
2010-03,64654,Démographie - Population au début du mois - France (inclus Mayotte à partir de 2014),FE,1641607,2010
2010-04,64677,Démographie - Population au début du mois - France (inclus Mayotte à partir de 2014),FE,1641607,2010
2010-05,64703,Démographie - Population au début du mois - France (inclus Mayotte à partir de 2014),FE,1641607,2010
2010-06,64730,Démographie - Population au début du mois - France (inclus Mayotte à partir de 2014),FE,1641607,2010
2010-07,64759,Démographie - Population au début du mois - France (inclus Mayotte à partir de 2014),FE,1641607,2010
2010-08,64791,Démographie - Population au début du mois - France (inclus Mayotte à partir de 2014),FE,1641607,2010
2010-09,64823,Démographie - Population au début du mois - France (inclus Mayotte à partir de 2014),FE,1641607,2010
2010-10,64854,Démographie - Population au début du mois - France (inclus Mayotte à partir de 2014),FE,1641607,2010
2010-11,64883,Démographie - Population au début du mois - France (inclus Mayotte à partir de 2014),FE,1641607,2010
2010-12,64911,Démographie - Population au début du mois - France (inclus Mayotte à partir de 2014),FE,1641607,2010
2011-01,64933,Démographie - Population au début du mois - France (inclus Mayotte à partir de 2014),FE,1641607,2011
2011-02,64952,Démographie - Population au début du mois - France (inclus Mayotte à partir de 2014),FE,1641607,2011
2011-03,64971,Démographie - Population au début du mois - France (inclus Mayotte à partir de 2014),FE,1641607,2011
2011-04,64993,Démographie - Population au début du mois - France (inclus Mayotte à partir de 2014),FE,1641607,2011
2011-05,65016,Démographie - Population au début du mois - France (inclus Mayotte à partir de 2014),FE,1641607,2011
2011-06,65044,Démographie - Population au début du mois - France (inclus Mayotte à partir de 2014),FE,1641607,2011
2011-07,65074,Démographie - Population au début du mois - France (inclus Mayotte à partir de 2014),FE,1641607,2011
2011-08,65106,Démographie - Population au début du mois - France (inclus Mayotte à partir de 2014),FE,1641607,2011
2011-09,65138,Démographie - Population au début du mois - France (inclus Mayotte à partir de 2014),FE,1641607,2011
2011-10,65168,Démographie - Population au début du mois - France (inclus Mayotte à partir de 2014),FE,1641607,2011
2011-11,65195,Démographie - Population au début du mois - France (inclus Mayotte à partir de 2014),FE,1641607,2011
2011-12,65219,Démographie - Population au début du mois - France (inclus Mayotte à partir de 2014),FE,1641607,2011
2012-01,65241,Démographie - Population au début du mois - France (inclus Mayotte à partir de 2014),FE,1641607,2012
2012-02,65262,Démographie - Population au début du mois - France (inclus Mayotte à partir de 2014),FE,1641607,2012
2012-03,65278,Démographie - Population au début du mois - France (inclus Mayotte à partir de 2014),FE,1641607,2012
2012-04,65298,Démographie - Population au début du mois - France (inclus Mayotte à partir de 2014),FE,1641607,2012
2012-05,65323,Démographie - Population au début du mois - France (inclus Mayotte à partir de 2014),FE,1641607,2012
2012-06,65352,Démographie - Population au début du mois - France (inclus Mayotte à partir de 2014),FE,1641607,2012
2012-07,65382,Démographie - Population au début du mois - France (inclus Mayotte à partir de 2014),FE,1641607,2012
2012-08,65415,Démographie - Population au début du mois - France (inclus Mayotte à partir de 2014),FE,1641607,2012
2012-09,65449,Démographie - Population au début du mois - France (inclus Mayotte à partir de 2014),FE,1641607,2012
2012-10,65483,Démographie - Population au début du mois - France (inclus Mayotte à partir de 2014),FE,1641607,2012
2012-11,65514,Démographie - Population au début du mois - France (inclus Mayotte à partir de 2014),FE,1641607,2012
2012-12,65541,Démographie - Population au début du mois - France (inclus Mayotte à partir de 2014),FE,1641607,2012
2013-01,65565,Démographie - Population au début du mois - France (inclus Mayotte à partir de 2014),FE,1641607,2013
2013-02,65585,Démographie - Population au début du mois - France (inclus Mayotte à partir de 2014),FE,1641607,2013
2013-03,65603,Démographie - Population au début du mois - France (inclus Mayotte à partir de 2014),FE,1641607,2013
2013-04,65622,Démographie - Population au début du mois - France (inclus Mayotte à partir de 2014),FE,1641607,2013
2013-05,65647,Démographie - Population au début du mois - France (inclus Mayotte à partir de 2014),FE,1641607,2013
2013-06,65678,Démographie - Population au début du mois - France (inclus Mayotte à partir de 2014),FE,1641607,2013
2013-07,65709,Démographie - Population au début du mois - France (inclus Mayotte à partir de 2014),FE,1641607,2013
2013-08,65745,Démographie - Population au début du mois - France (inclus Mayotte à partir de 2014),FE,1641607,2013
2013-09,65782,Démographie - Population au début du mois - France (inclus Mayotte à partir de 2014),FE,1641607,2013
2013-10,65816,Démographie - Population au début du mois - France (inclus Mayotte à partir de 2014),FE,1641607,2013
2013-11,65849,Démographie - Population au début du mois - France (inclus Mayotte à partir de 2014),FE,1641607,2013
2013-12,65879,Démographie - Population au début du mois - France (inclus Mayotte à partir de 2014),FE,1641607,2013
2014-01,66131,Démographie - Population au début du mois - France (inclus Mayotte à partir de 2014),FE,1641607,2014
2014-02,66153,Démographie - Population au début du mois - France (inclus Mayotte à partir de 2014),FE,1641607,2014
2014-03,66172,Démographie - Population au début du mois - France (inclus Mayotte à partir de 2014),FE,1641607,2014
2014-04,66193,Démographie - Population au début du mois - France (inclus Mayotte à partir de 2014),FE,1641607,2014
2014-05,66214,Démographie - Population au début du mois - France (inclus Mayotte à partir de 2014),FE,1641607,2014
2014-06,66239,Démographie - Population au début du mois - France (inclus Mayotte à partir de 2014),FE,1641607,2014
2014-07,66267,Démographie - Population au début du mois - France (inclus Mayotte à partir de 2014),FE,1641607,2014
2014-08,66296,Démographie - Population au début du mois - France (inclus Mayotte à partir de 2014),FE,1641607,2014
2014-09,66325,Démographie - Population au début du mois - France (inclus Mayotte à partir de 2014),FE,1641607,2014
2014-10,66354,Démographie - Population au début du mois - France (inclus Mayotte à partir de 2014),FE,1641607,2014
2014-11,66381,Démographie - Population au début du mois - France (inclus Mayotte à partir de 2014),FE,1641607,2014
2014-12,66403,Démographie - Population au début du mois - France (inclus Mayotte à partir de 2014),FE,1641607,2014
2015-01,66422,Démographie - Population au début du mois - France (inclus Mayotte à partir de 2014),FE,1641607,2015
2015-02,66430,Démographie - Population au début du mois - France (inclus Mayotte à partir de 2014),FE,1641607,2015
2015-03,66431,Démographie - Population au début du mois - France (inclus Mayotte à partir de 2014),FE,1641607,2015
2015-04,66438,Démographie - Population au début du mois - France (inclus Mayotte à partir de 2014),FE,1641607,2015
2015-05,66451,Démographie - Population au début du mois - France (inclus Mayotte à partir de 2014),FE,1641607,2015
2015-06,66470,Démographie - Population au début du mois - France (inclus Mayotte à partir de 2014),FE,1641607,2015
2015-07,66491,Démographie - Population au début du mois - France (inclus Mayotte à partir de 2014),FE,1641607,2015
2015-08,66512,Démographie - Population au début du mois - France (inclus Mayotte à partir de 2014),FE,1641607,2015
2015-09,66533,Démographie - Population au début du mois - France (inclus Mayotte à partir de 2014),FE,1641607,2015
2015-10,66555,Démographie - Population au début du mois - France (inclus Mayotte à partir de 2014),FE,1641607,2015
2015-11,66572,Démographie - Population au début du mois - France (inclus Mayotte à partir de 2014),FE,1641607,2015
2015-12,66588,Démographie - Population au début du mois - France (inclus Mayotte à partir de 2014),FE,1641607,2015
2016-01,66603,Démographie - Population au début du mois - France (inclus Mayotte à partir de 2014),FE,1641607,2016
2016-02,66613,Démographie - Population au début du mois - France (inclus Mayotte à partir de 2014),FE,1641607,2016
2016-03,66623,Démographie - Population au début du mois - France (inclus Mayotte à partir de 2014),FE,1641607,2016
2016-04,66630,Démographie - Population au début du mois - France (inclus Mayotte à partir de 2014),FE,1641607,2016
2016-05,66641,Démographie - Population au début du mois - France (inclus Mayotte à partir de 2014),FE,1641607,2016
2016-06,66657,Démographie - Population au début du mois - France (inclus Mayotte à partir de 2014),FE,1641607,2016
2016-07,66677,Démographie - Population au début du mois - France (inclus Mayotte à partir de 2014),FE,1641607,2016
2016-08,66700,Démographie - Population au début du mois - France (inclus Mayotte à partir de 2014),FE,1641607,2016
2016-09,66721,Démographie - Population au début du mois - France (inclus Mayotte à partir de 2014),FE,1641607,2016
2016-10,66741,Démographie - Population au début du mois - France (inclus Mayotte à partir de 2014),FE,1641607,2016
2016-11,66757,Démographie - Population au début du mois - France (inclus Mayotte à partir de 2014),FE,1641607,2016
2016-12,66769,Démographie - Population au début du mois - France (inclus Mayotte à partir de 2014),FE,1641607,2016
2017-01,66774,Démographie - Population au début du mois - France (inclus Mayotte à partir de 2014),FE,1641607,2017
2017-02,66774,Démographie - Population au début du mois - France (inclus Mayotte à partir de 2014),FE,1641607,2017
2017-03,66784,Démographie - Population au début du mois - France (inclus Mayotte à partir de 2014),FE,1641607,2017
2017-04,66800,Démographie - Population au début du mois - France (inclus Mayotte à partir de 2014),FE,1641607,2017
2017-05,66819,Démographie - Population au début du mois - France (inclus Mayotte à partir de 2014),FE,1641607,2017
2017-06,66840,Démographie - Population au début du mois - France (inclus Mayotte à partir de 2014),FE,1641607,2017
2017-07,66864,Démographie - Population au début du mois - France (inclus Mayotte à partir de 2014),FE,1641607,2017
2017-08,66890,Démographie - Population au début du mois - France (inclus Mayotte à partir de 2014),FE,1641607,2017
2017-09,66916,Démographie - Population au début du mois - France (inclus Mayotte à partir de 2014),FE,1641607,2017
2017-10,66939,Démographie - Population au début du mois - France (inclus Mayotte à partir de 2014),FE,1641607,2017
2017-11,66962,Démographie - Population au début du mois - France (inclus Mayotte à partir de 2014),FE,1641607,2017
2017-12,66980,Démographie - Population au début du mois - France (inclus Mayotte à partir de 2014),FE,1641607,2017
2018-01,66992,Démographie - Population au début du mois - France (inclus Mayotte à partir de 2014),FE,1641607,2018
2018-02,67005,Démographie - Population au début du mois - France (inclus Mayotte à partir de 2014),FE,1641607,2018
2018-03,67018,Démographie - Population au début du mois - France (inclus Mayotte à partir de 2014),FE,1641607,2018
2018-04,67027,Démographie - Population au début du mois - France (inclus Mayotte à partir de 2014),FE,1641607,2018
2018-05,67046,Démographie - Population au début du mois - France (inclus Mayotte à partir de 2014),FE,1641607,2018
2018-06,67072,Démographie - Population au début du mois - France (inclus Mayotte à partir de 2014),FE,1641607,2018
2018-07,67100,Démographie - Population au début du mois - France (inclus Mayotte à partir de 2014),FE,1641607,2018
2018-08,67130,Démographie - Population au début du mois - France (inclus Mayotte à partir de 2014),FE,1641607,2018
2018-09,67159,Démographie - Population au début du mois - France (inclus Mayotte à partir de 2014),FE,1641607,2018
2018-10,67188,Démographie - Population au début du mois - France (inclus Mayotte à partir de 2014),FE,1641607,2018
2018-11,67215,Démographie - Population au début du mois - France (inclus Mayotte à partir de 2014),FE,1641607,2018
2018-12,67238,Démographie - Population au début du mois - France (inclus Mayotte à partir de 2014),FE,1641607,2018
2019-01,67258,Démographie - Population au début du mois - France (inclus Mayotte à partir de 2014),FE,1641607,2019
2019-02,67264,Démographie - Population au début du mois - France (inclus Mayotte à partir de 2014),FE,1641607,2019
2019-03,67267,Démographie - Population au début du mois - France (inclus Mayotte à partir de 2014),FE,1641607,2019
2019-04,67277,Démographie - Population au début du mois - France (inclus Mayotte à partir de 2014),FE,1641607,2019
2019-05,67291,Démographie - Population au début du mois - France (inclus Mayotte à partir de 2014),FE,1641607,2019
2019-06,67309,Démographie - Population au début du mois - France (inclus Mayotte à partir de 2014),FE,1641607,2019
2019-07,67329,Démographie - Population au début du mois - France (inclus Mayotte à partir de 2014),FE,1641607,2019
2019-08,67352,Démographie - Population au début du mois - France (inclus Mayotte à partir de 2014),FE,1641607,2019
2019-09,67375,Démographie - Population au début du mois - France (inclus Mayotte à partir de 2014),FE,1641607,2019
2019-10,67397,Démographie - Population au début du mois - France (inclus Mayotte à partir de 2014),FE,1641607,2019
2019-11,67417,Démographie - Population au début du mois - France (inclus Mayotte à partir de 2014),FE,1641607,2019
2019-12,67430,Démographie - Population au début du mois - France (inclus Mayotte à partir de 2014),FE,1641607,2019
2020-01,67442,Démographie - Population au début du mois - France (inclus Mayotte à partir de 2014),FE,1641607,2020
2020-02,67462,Démographie - Population au début du mois - France (inclus Mayotte à partir de 2014),FE,1641607,2020
2020-03,67483,Démographie - Population au début du mois - France (inclus Mayotte à partir de 2014),FE,1641607,2020
2020-04,67497,Démographie - Population au début du mois - France (inclus Mayotte à partir de 2014),FE,1641607,2020
2020-05,67503,Démographie - Population au début du mois - France (inclus Mayotte à partir de 2014),FE,1641607,2020
2020-06,67532,Démographie - Population au début du mois - France (inclus Mayotte à partir de 2014),FE,1641607,2020
2020-07,67563,Démographie - Population au début du mois - France (inclus Mayotte à partir de 2014),FE,1641607,2020
2020-08,67598,Démographie - Population au début du mois - France (inclus Mayotte à partir de 2014),FE,1641607,2020
2020-09,67628,Démographie - Population au début du mois - France (inclus Mayotte à partir de 2014),FE,1641607,2020
2020-10,67657,Démographie - Population au début du mois - France (inclus Mayotte à partir de 2014),FE,1641607,2020
2020-11,67679,Démographie - Population au début du mois - France (inclus Mayotte à partir de 2014),FE,1641607,2020
2020-12,67687,Démographie - Population au début du mois - France (inclus Mayotte à partir de 2014),FE,1641607,2020
2021-01,67697,Démographie - Population au début du mois - France (inclus Mayotte à partir de 2014),FE,1641607,2021
2021-02,67708,Démographie - Population au début du mois - France (inclus Mayotte à partir de 2014),FE,1641607,2021
2021-03,67726,Démographie - Population au début du mois - France (inclus Mayotte à partir de 2014),FE,1641607,2021
2021-04,67753,Démographie - Population au début du mois - France (inclus Mayotte à partir de 2014),FE,1641607,2021
2021-05,67779,Démographie - Population au début du mois - France (inclus Mayotte à partir de 2014),FE,1641607,2021
2021-06,67811,Démographie - Population au début du mois - France (inclus Mayotte à partir de 2014),FE,1641607,2021
2021-07,67850,Démographie - Population au début du mois - France (inclus Mayotte à partir de 2014),FE,1641607,2021
2021-08,67890,Démographie - Population au début du mois - France (inclus Mayotte à partir de 2014),FE,1641607,2021
2021-09,67928,Démographie - Population au début du mois - France (inclus Mayotte à partir de 2014),FE,1641607,2021
2021-10,67967,Démographie - Population au début du mois - France (inclus Mayotte à partir de 2014),FE,1641607,2021
2021-11,68003,Démographie - Population au début du mois - France (inclus Mayotte à partir de 2014),FE,1641607,2021
2021-12,68036,Démographie - Population au début du mois - France (inclus Mayotte à partir de 2014),FE,1641607,2021
2022-01,68060,Démographie - Population au début du mois - France (inclus Mayotte à partir de 2014),FE,1641607,2022
2022-02,68065,Démographie - Population au début du mois - France (inclus Mayotte à partir de 2014),FE,1641607,2022
2022-03,68075,Démographie - Population au début du mois - France (inclus Mayotte à partir de 2014),FE,1641607,2022
2022-04,68090,Démographie - Population au début du mois - France (inclus Mayotte à partir de 2014),FE,1641607,2022
2022-05,68103,Démographie - Population au début du mois - France (inclus Mayotte à partir de 2014),FE,1641607,2022
2022-06,68125,Démographie - Population au début du mois - France (inclus Mayotte à partir de 2014),FE,1641607,2022
2022-07,68149,Démographie - Population au début du mois - France (inclus Mayotte à partir de 2014),FE,1641607,2022
2022-08,68170,Démographie - Population au début du mois - France (inclus Mayotte à partir de 2014),FE,1641607,2022
2022-09,68193,Démographie - Population au début du mois - France (inclus Mayotte à partir de 2014),FE,1641607,2022
2022-10,68215,Démographie - Population au début du mois - France (inclus Mayotte à partir de 2014),FE,1641607,2022
2022-11,68231,Démographie - Population au début du mois - France (inclus Mayotte à partir de 2014),FE,1641607,2022
2022-12,68246,Démographie - Population au début du mois - France (inclus Mayotte à partir de 2014),FE,1641607,2022
2023-01,68246,Démographie - Population au début du mois - France (inclus Mayotte à partir de 2014),FE,1641607,2023
2023-02,68252,Démographie - Population au début du mois - France (inclus Mayotte à partir de 2014),FE,1641607,2023
2023-03,68265,Démographie - Population au début du mois - France (inclus Mayotte à partir de 2014),FE,1641607,2023
2023-04,68279,Démographie - Population au début du mois - France (inclus Mayotte à partir de 2014),FE,1641607,2023
2023-05,68294,Démographie - Population au début du mois - France (inclus Mayotte à partir de 2014),FE,1641607,2023
2023-06,68313,Démographie - Population au début du mois - France (inclus Mayotte à partir de 2014),FE,1641607,2023
2023-07,68335,Démographie - Population au début du mois - France (inclus Mayotte à partir de 2014),FE,1641607,2023
2023-08,68359,Démographie - Population au début du mois - France (inclus Mayotte à partir de 2014),FE,1641607,2023
2023-09,68380,Démographie - Population au début du mois - France (inclus Mayotte à partir de 2014),FE,1641607,2023
2023-10,68399,Démographie - Population au début du mois - France (inclus Mayotte à partir de 2014),FE,1641607,2023
2023-11,68416,Démographie - Population au début du mois - France (inclus Mayotte à partir de 2014),FE,1641607,2023
2023-12,68431,Démographie - Population au début du mois - France (inclus Mayotte à partir de 2014),FE,1641607,2023
2024-01,68437,Démographie - Population au début du mois - France (inclus Mayotte à partir de 2014),FE,1641607,2024
2024-02,68441,Démographie - Population au début du mois - France (inclus Mayotte à partir de 2014),FE,1641607,2024
2024-03,68451,Démographie - Population au début du mois - France (inclus Mayotte à partir de 2014),FE,1641607,2024
2024-04,68465,Démographie - Population au début du mois - France (inclus Mayotte à partir de 2014),FE,1641607,2024
2024-05,68480,Démographie - Population au début du mois - France (inclus Mayotte à partir de 2014),FE,1641607,2024
2024-06,68499,Démographie - Population au début du mois - France (inclus Mayotte à partir de 2014),FE,1641607,2024
2024-07,68514,Démographie - Population au début du mois - France (inclus Mayotte à partir de 2014),FE,1641607,2024
2024-08,68535,Démographie - Population au début du mois - France (inclus Mayotte à partir de 2014),FE,1641607,2024
2024-09,68555,Démographie - Population au début du mois - France (inclus Mayotte à partir de 2014),FE,1641607,2024
2024-10,68573,Démographie - Population au début du mois - France (inclus Mayotte à partir de 2014),FE,1641607,2024
2024-11,68587,Démographie - Population au début du mois - France (inclus Mayotte à partir de 2014),FE,1641607,2024
2024-12,68601,Démographie - Population au début du mois - France (inclus Mayotte à partir de 2014),FE,1641607,2024
2025-01,68606,Démographie - Population au début du mois - France (inclus Mayotte à partir de 2014),FE,1641607,2025
2025-02,68602,Démographie - Population au début du mois - France (inclus Mayotte à partir de 2014),FE,1641607,2025
2025-03,68608,Démographie - Population au début du mois - France (inclus Mayotte à partir de 2014),FE,1641607,2025
2025-04,68619,Démographie - Population au début du mois - France (inclus Mayotte à partir de 2014),FE,1641607,2025
2025-05,68632,Démographie - Population au début du mois - France (inclus Mayotte à partir de 2014),FE,1641607,2025
2025-06,68648,Démographie - Population au début du mois - France (inclus Mayotte à partir de 2014),FE,1641607,2025
2025-07,68667,Démographie - Population au début du mois - France (inclus Mayotte à partir de 2014),FE,1641607,2025
2025-08,68687,Démographie - Population au début du mois - France (inclus Mayotte à partir de 2014),FE,1641607,2025
2025-09,68705,Démographie - Population au début du mois - France (inclus Mayotte à partir de 2014),FE,1641607,2025
2025-10,68723,Démographie - Population au début du mois - France (inclus Mayotte à partir de 2014),FE,1641607,2025
2025-11,68736,Démographie - Population au début du mois - France (inclus Mayotte à partir de 2014),FE,1641607,2025
